Domain,BL,DP,ABY,ACR,Dmoz,C,N,O,D,Reg,RDT,End Date
77scp.com,0,514.6 K,2018,217,-,registered,available,available,available,1,0,2023-12-08
guofengpcb.com,0,8.7 K,2018,6,-,registered,available,available,available,1,0,2023-12-08
sanhaiyuanlin.com,84,8.7 K,2012,16,-,registered,available,available,available,1,0,2023-12-08
iy818.cn,0,2.8 K,2019,5,-,available,available,available,available,0,6,2023-12-08
takipcimarket.com,2.1 K,2.5 K,2012,63,-,registered,available,available,available,3,8,2023-12-08
itfkk.com,56,2.4 K,2021,6,-,registered,available,available,available,1,0,2023-12-08
bestbuycial.us,29.5 K,2.4 K,2021,41,-,registered,available,available,available,1,2,2023-12-08
bestbuyviag.us,21.3 K,2.4 K,2021,42,-,registered,available,available,available,1,3,2023-12-08
danwellingslandsurveying.com,0,1.4 K,2013,20,-,registered,available,available,available,1,0,2023-12-08
grupo-rodriguez.com,0,1.4 K,2011,21,-,registered,registered,available,available,3,2,2023-12-08
BeauChampsOfLondon.com,4,1.4 K,2011,29,-,registered,available,available,available,1,0,2023-12-08
ClarkMontgomeryPhoto.com,12,1.4 K,2011,19,-,registered,available,available,available,1,0,2023-12-08
biologisel.com,30,1.4 K,2013,54,-,registered,available,available,available,1,1,2023-12-08
devangsingh.com,0,1.4 K,2012,35,-,registered,available,available,available,2,0,2023-12-08
mahabharatcomputech.com,0,1.4 K,2012,25,-,registered,available,available,available,1,0,2023-12-08
CombesDesign.com,1,1.4 K,2010,37,-,registered,registered,available,available,2,2,2023-12-08
BuildMyBooth.com,0,1.4 K,2011,18,-,registered,available,available,available,1,0,2023-12-08
LogicAlwar.com,53,1.4 K,2008,16,-,registered,available,available,available,1,15,2023-12-08
chigwellcars.com,0,1.4 K,2002,80,-,registered,available,available,available,1,1,2023-12-08
centraprodukte.com,1,1.4 K,2010,21,-,registered,available,available,available,1,0,2023-12-08
BrowardcountyMovingAndStorage.com,0,1.4 K,2004,59,-,registered,available,available,available,1,0,2023-12-08
galtekaractakip.com,0,1.4 K,2013,20,-,registered,available,available,available,1,0,2023-12-08
EasyArtFloor.com,0,1.3 K,2009,19,-,registered,available,available,available,2,0,2023-12-08
pratiquecologia.org,10.0 K,1.3 K,2008,67,-,available,available,registered,available,1,0,2023-12-08
drdrinx.com,0,1.3 K,2009,31,-,registered,registered,available,available,2,2,2023-12-08
digicastertv.com,784,1.3 K,2012,36,-,registered,available,available,available,1,0,2023-12-08
kaigai-motimono.com,0,1.2 K,2013,33,-,registered,available,available,available,1,0,2023-12-08
PembrokeShireFirStaidTraining...co.uk,2,1.1 K,2009,37,-,available,available,available,available,0,0,2023-12-08
wxhdwx.com,0,1.1 K,2012,12,-,registered,available,available,available,1,0,2023-12-08
neuqn.com,1.0 K,1.1 K,2018,13,-,registered,available,available,available,1,2,2023-12-08
bbclomid.com,66.8 K,1.1 K,2021,26,-,registered,available,available,available,1,0,2023-12-08
FellTeens.info,39.6 K,915,2018,55,-,available,available,available,available,0,0,2023-12-08
cqlove.cn,217,905,2003,80,-,registered,registered,available,available,4,16,2023-12-08
dipyridamol.com,39.7 K,881,2004,43,-,registered,available,available,registered,3,6,2023-12-08
tfc.info,11.7 K,881,2002,2560,Yes,registered,registered,registered,registered,211,0,2023-12-08
TallmadgeTitans.com,8,880,2004,36,-,registered,available,available,available,1,0,2023-12-08
ivermectinstr.online,42.5 K,837,2021,72,-,registered,available,available,available,2,6,2023-12-08
porn18pgals.info,1.3 K,833,2019,21,-,available,available,available,available,0,0,2023-12-08
hfcircle.com,9.6 K,762,2011,23,-,registered,available,available,available,2,1,2023-12-08
thecluelessmomph.com,1.2 M,705,2014,58,-,registered,available,available,available,1,0,2023-12-08
ijaya.in,447,671,2017,19,-,registered,registered,available,available,5,1.3 K,2023-12-08
mcafeesmcafee.com,4.8 K,635,2019,74,-,registered,available,available,available,1,0,2023-12-08
jp-chimpanzee.com,22.5 K,634,2013,23,-,registered,available,available,available,1,0,2023-12-08
SicIliaTourist.tv,134,610,2003,168,-,available,available,available,available,0,0,2023-12-08
TradingNet.it,15,608,1998,109,-,registered,registered,available,registered,11,35,2023-12-08
MalikEscorts.com,3.0 K,607,2015,192,-,registered,available,available,available,1,0,2023-12-08
chiesabattistadicagliari.net,27,597,2004,96,-,available,registered,available,available,2,0,2023-12-08
rvigapll.com,59.4 K,582,2021,28,-,registered,available,available,available,1,0,2023-12-08
SchoolsBiz.com,539.7 K,571,2007,35,-,registered,available,available,available,1,0,2023-12-08
heidiscrimgeour.com,257,565,2010,67,-,registered,available,available,available,1,0,2023-12-08
BusParBuspirone.com,9.7 K,558,2020,37,-,registered,available,available,available,1,0,2023-12-08
mystreamingtv.online,259,554,2018,16,-,registered,available,available,available,4,2,2023-12-08
moneyaadhar.com,153,552,2018,18,-,registered,available,available,available,1,0,2023-12-08
BambooFlooring.net,19,551,2000,193,-,registered,registered,registered,registered,19,66,2023-12-08
cytotecm.com,7.4 K,544,2020,39,-,registered,available,available,available,1,25,2023-12-08
CriMinoLogie.net,12,543,2000,128,-,registered,registered,available,available,8,13,2023-12-08
ActivationKeys.org,5.1 K,535,2016,351,-,registered,registered,registered,available,7,26,2023-12-08
egeneology.net,36,530,2003,160,-,available,registered,available,available,1,10,2023-12-08
skachat-fb2.net,313,524,2018,63,-,registered,registered,registered,available,3,4,2023-12-08
i2000.it,29,508,1996,160,-,registered,available,available,registered,15,665,2023-12-08
BodyAccentsTattooing.com,21,508,2004,40,-,registered,available,available,available,1,0,2023-12-08
zoloftsert.com,11.0 K,505,2020,48,-,registered,available,available,available,1,7,2023-12-08
Originator.it,5,502,2003,20,-,registered,registered,registered,registered,38,384,2023-12-08
BuyEssayClub.io,1.6 K,488,2020,6,-,registered,available,registered,available,5,6,2023-12-08
PasAgroUp.it,4,479,2000,83,-,registered,available,registered,available,4,8,2023-12-08
brandsuhagra.com,4.3 K,476,2020,37,-,registered,available,available,available,1,0,2023-12-08
baslampadari.com,6,472,2001,30,-,registered,available,available,available,1,0,2023-12-08
adidasnmdshoes.co.uk,23.4 K,467,2018,55,-,registered,available,available,available,2,3,2023-12-08
GlobalAlcoholShop.com,94.0 K,461,2021,12,-,registered,available,available,available,1,0,2023-12-08
seguridadhogar.com,13,459,2009,31,-,registered,available,available,available,2,3,2023-12-08
yeubatdongsan.com,3.1 K,427,2011,56,-,registered,available,available,available,2,1,2023-12-08
thebansheesofinisherinmovi.com,7.7 K,424,2022,13,-,registered,available,available,available,1,0,2023-12-08
Milk69.site,69.3 K,418,2021,30,-,registered,available,available,available,3,2,2023-12-08
JarRowLife.co.uk,5.0 K,417,2009,70,Yes,registered,available,available,available,2,2,2023-12-08
cialisbbuy.com,7.5 K,414,2021,27,-,registered,available,available,available,2,0,2023-12-08
Sober.kr,39.9 K,405,2019,24,-,registered,registered,registered,registered,197,9.1 K,2023-12-08
republique-des-lettres.fr,5.9 K,398,2004,367,-,registered,available,available,available,3,2,2023-12-08
AddIdasShoes.net,88.6 K,397,2010,151,-,registered,registered,available,available,3,2,2023-12-08
jeep4x4center.com,8.6 K,390,1998,1687,-,registered,available,available,available,2,1,2023-12-08
WoeStar.com,292,383,2020,46,-,registered,available,available,available,1,0,2023-12-08
CanadaGooseOutlet.co.uk,32.3 K,381,2011,66,-,registered,available,registered,registered,17,69,2023-12-08
ugg-outlet.me.uk,83.4 K,370,2015,54,-,registered,registered,registered,available,9,8,2023-12-08
CryptHopper.com,580,363,2018,45,-,registered,registered,registered,available,3,5,2023-12-08
PradaHandbags.net,55.8 K,362,2013,63,-,registered,registered,available,available,10,16,2023-12-08
FileLodge.com,15.0 K,360,2005,491,-,registered,available,registered,registered,4,2,2023-12-08
onlinepharmacygx.com,3.0 K,355,2018,57,-,registered,available,available,available,1,0,2023-12-08
SecOurIsMe.info,1.8 K,354,2001,708,Yes,registered,registered,registered,available,14,123,2023-12-08
jemeluk.com,0,349,2013,17,-,registered,available,available,available,1,0,2023-12-08
CarawayVitamins.com,197,339,2018,64,-,registered,available,registered,available,2,2,2023-12-08
GapShow.com,0,327,2011,32,-,registered,registered,available,available,3,7,2023-12-08
CorRettOreGrammaticAle.top,10.4 K,326,2022,30,-,available,available,available,available,0,0,2023-12-08
pornoizletr.biz,529,323,2012,54,-,registered,registered,available,available,3,2,2023-12-08
amasyanakliyatci.com,377,320,2017,35,-,registered,available,available,available,1,0,2023-12-08
BelsTaffJacketsOutlet.co.uk,206.2 K,320,2011,74,-,available,available,available,available,1,2,2023-12-08
WorkingKeys.org,1.5 K,319,2016,192,-,registered,registered,registered,available,4,6,2023-12-08
RayBanSunglassesOutlets.net.co,44.6 K,317,2018,33,-,available,available,available,available,3,2,2023-12-08
FreeTalkUsa.app,8.3 K,316,2021,8,-,registered,available,available,available,2,2,2023-12-08
Design-OnWeb.nl,17.1 K,312,2001,132,Yes,available,available,available,available,0,0,2023-12-08
FickVideos.biz,17.3 K,309,2008,920,-,registered,registered,available,registered,4,9,2023-12-08
realestateinupstate.com,0,309,2004,29,-,registered,available,available,available,1,0,2023-12-08
cerrajeriadavid.es,39.9 K,305,2020,29,-,registered,available,available,available,1,2,2023-12-08
KrisTinaQuinn.com,27,303,2007,27,-,registered,available,available,available,1,3,2023-12-08
Motorcycle-MotorScooterNews.com,2.7 K,302,2014,54,-,registered,available,available,available,1,0,2023-12-08
lasvegaspwc.com,1,298,2002,87,-,registered,available,available,available,1,0,2023-12-08
il-su.com,6.2 K,296,2020,15,-,registered,available,available,available,1,13,2023-12-08
ads-get-read.co.uk,1.0 K,296,2007,870,-,available,available,available,available,0,0,2023-12-08
Prada-CrossBody-Bag.us,13.4 K,291,2015,77,-,available,available,available,available,0,0,2023-12-08
submit2dir.info,710,288,2006,608,-,registered,available,available,available,2,3,2023-12-08
intouch24.biz,515,285,2013,290,-,registered,registered,available,registered,6,7,2023-12-08
HandIsOft.dk,11.1 K,284,2004,83,-,registered,available,available,available,3,8,2023-12-08
Pais24.com,968,284,2009,206,-,registered,available,available,available,2,2,2023-12-08
buyviagragkbcd.com,1.6 K,281,2018,24,-,registered,available,available,available,1,0,2023-12-08
sunglassessm.com,146.3 K,281,2014,189,-,registered,available,available,available,1,4,2023-12-08
sizen-kankyo.net,828,281,2007,26,-,registered,registered,available,available,2,3,2023-12-08
rbmail.biz,520,278,2012,40,-,registered,registered,available,registered,19,69,2023-12-08
pecadooriginal.biz,617,278,2010,112,-,registered,available,available,available,5,3,2023-12-08
RoofFaq.com,904,278,2009,174,Yes,registered,available,available,available,1,1,2023-12-08
rocaltrtn.com,71.5 K,277,2022,13,-,registered,available,available,available,1,0,2023-12-08
forka.us,5.5 K,275,2007,41,-,registered,registered,registered,registered,18,723,2023-12-08
protvmagazin.ro,2.5 K,274,2004,198,-,available,available,available,available,1,0,2023-12-08
NewParentTips.info,575,270,2008,190,-,registered,available,available,available,2,2,2023-12-08
zicosur.org,1.1 K,268,2007,310,-,registered,registered,registered,available,4,6,2023-12-08
tricotn.com,40.9 K,267,2022,12,-,registered,available,available,available,1,3,2023-12-08
AnytimeLinks.com,787,264,2004,239,-,registered,available,available,available,1,0,2023-12-08
MonsterHighGames.us,3.2 K,262,2013,56,-,registered,registered,available,available,2,3,2023-12-08
fisz.co.uk,694,262,2011,257,Yes,registered,registered,registered,registered,17,100,2023-12-08
semeunacte.com,4.1 K,260,2010,279,-,registered,available,available,available,1,0,2023-12-08
remerotn.com,35.9 K,254,2022,9,-,registered,available,available,available,1,0,2023-12-08
diccionariodesinonimos.es,625,254,2009,6729,-,registered,available,registered,available,2,4,2023-12-08
2Tag.nl,1.4 K,254,2010,14151,-,registered,registered,available,registered,17,70,2023-12-08
tajukberita.com,731,251,2011,57,-,registered,available,available,available,1,1,2023-12-08
PinSpire.es,2.2 K,251,2011,228,-,registered,registered,registered,registered,18,118,2023-12-08
dcmelectro.be,722,251,1999,537,Yes,registered,available,available,available,2,2,2023-12-08
BodyWayOnline.com,720,250,2006,167,-,registered,available,available,available,1,0,2023-12-08
heiyu100.com,101.5 K,248,2014,12,-,registered,available,available,available,2,0,2023-12-08
buvohely.info,95,248,2012,79,-,registered,available,available,available,5,16,2023-12-08
WebCri.net,672,247,2009,83,-,registered,registered,available,available,5,90,2023-12-08
Seo-Web-Net.com,552,246,2008,163,-,registered,available,available,available,1,0,2023-12-08
4904b.com,0,245,-,0,-,registered,available,available,available,1,0,2023-12-08
WestWaySportsCentre.org.uk,1.1 K,245,2008,169,-,available,available,available,available,1,0,2023-12-08
Cockblock.org,2.9 K,245,2002,90,-,registered,registered,registered,registered,18,58,2023-12-08
Pele-Sports.com,90.9 K,245,2009,99,-,registered,available,available,available,1,0,2023-12-08
ReveSpain.com,4.5 K,242,2013,26,-,registered,available,available,available,1,0,2023-12-08
deevibez.com,7.3 K,241,2016,71,-,registered,available,available,available,1,1,2023-12-08
VipServices.xyz,0,240,2018,4,-,registered,registered,registered,registered,64,358,2023-12-08
ArabSexBlog.com,513,240,2006,452,-,registered,available,available,available,1,0,2023-12-08
sci.sc,1.3 K,239,2012,87,-,registered,registered,registered,registered,329,0,2023-12-08
So-Dude.fr,656,239,2011,106,-,available,available,available,available,1,1,2023-12-08
sanaatgar.com,562,239,2010,416,-,registered,available,available,available,2,0,2023-12-08
dbc-network.info,884,239,2007,166,-,registered,available,available,available,3,4,2023-12-08
8Rio.com,616,239,2011,127,-,registered,available,available,available,1,12,2023-12-08
HawaiiWebStudio.com,16,238,2012,65,-,registered,available,available,available,1,0,2023-12-08
tayotv.net,749,237,2011,353,-,registered,registered,registered,available,3,5,2023-12-08
FanSandFollowers.org,595,237,2011,83,-,registered,available,registered,available,2,4,2023-12-08
oncagosu.com,2.8 K,236,2021,29,-,registered,available,available,available,1,0,2023-12-08
GlobalArticleNetwork.com,535,236,2010,95,-,registered,available,available,available,1,0,2023-12-08
BriggsPhoto.net,583,236,2008,120,-,registered,registered,registered,available,3,25,2023-12-08
n20n.com,580,236,2006,83,-,registered,available,available,registered,2,2,2023-12-08
GoRex.lt,596,235,2009,68,-,registered,registered,available,registered,30,87,2023-12-08
FreshFreeStuff.net,554,235,2007,295,-,registered,registered,available,available,2,2,2023-12-08
Babes-Deluxe.com,2.3 K,234,2008,70,-,registered,available,available,registered,2,0,2023-12-08
olxalgerie.com,542,234,2008,452,-,registered,available,available,available,1,0,2023-12-08
KamaSutra.es,1.4 K,233,2007,640,-,registered,registered,registered,registered,126,636,2023-12-08
egylovers.net,1.0 K,233,2009,197,-,registered,registered,available,available,2,3,2023-12-08
AndhraFreeClassifieds.com,558,233,2008,142,-,registered,available,available,available,1,0,2023-12-08
TeachHotYoga.com,590,233,2006,164,-,registered,available,available,available,1,0,2023-12-08
nivmar.com,733,233,2008,138,-,registered,available,available,available,1,3,2023-12-08
BrightOnlineJobs.com,594,232,2012,157,-,registered,available,available,available,1,0,2023-12-08
wikidomain.net,610,232,2011,55,-,registered,registered,registered,registered,6,8,2023-12-08
e-mype.com,649,232,2004,191,-,registered,available,available,available,1,1,2023-12-08
PhenomenalSoftwares.com,498,231,2019,29,-,registered,available,available,available,1,0,2023-12-08
qasim.dk,630,231,2012,62,-,registered,registered,registered,registered,58,524,2023-12-08
QuietAnthem.com,609,231,2012,92,-,registered,available,available,available,1,1,2023-12-08
infox.kg,853,231,2007,242,-,registered,registered,registered,registered,81,654,2023-12-08
kthost.in,581,231,2011,170,-,registered,available,available,available,2,22,2023-12-08
918yingxiao.com,540,231,2010,203,-,registered,available,available,available,1,0,2023-12-08
free-3d-textures.com,540,231,2009,184,-,registered,available,available,available,1,0,2023-12-08
ogeretsu.com,610,231,2009,146,-,registered,available,available,available,1,0,2023-12-08
Dvd-Zero.com,522,231,2005,187,-,registered,available,available,available,1,0,2023-12-08
AdultMagazine69.com,615,231,2009,153,-,registered,available,available,available,1,0,2023-12-08
GetItGroup.in,724,230,2009,120,-,registered,registered,available,available,5,8,2023-12-08
ShepherdSurvival.com,548,230,2011,126,-,registered,available,available,available,1,2,2023-12-08
WarezForYou.com,803,230,2001,76,-,registered,available,available,available,1,0,2023-12-08
zoonbarak.com,531,230,2010,216,-,registered,available,available,available,1,0,2023-12-08
planetconseils.com,532,230,2007,51,-,registered,available,available,available,1,0,2023-12-08
DrugRevenue.com,1.4 K,230,2007,349,-,registered,available,available,available,2,0,2023-12-08
whereicanfindajob.com,2.4 K,229,2011,46,-,registered,available,available,available,1,0,2023-12-08
kitabmasakan.com,565,229,2011,202,-,registered,available,available,available,1,0,2023-12-08
curtycurt.com,637,229,2010,92,-,registered,available,available,available,1,0,2023-12-08
ijustutter.com,1.2 K,229,2011,108,-,registered,available,available,available,1,0,2023-12-08
pstpl.com,634,229,2003,228,-,registered,available,available,available,3,10,2023-12-08
HypeVilla.com,576,229,2009,243,-,registered,available,available,available,1,4,2023-12-08
master-diplomov.com,607,229,2008,166,-,registered,available,available,available,2,0,2023-12-08
medjugorjemap.com,518,229,2008,152,Yes,registered,available,available,available,1,0,2023-12-08
luckyfm.info,1.2 K,228,2011,113,-,registered,available,available,available,3,2,2023-12-08
CanadaScarLoans.com,623,228,2002,90,Yes,registered,available,available,available,1,0,2023-12-08
1bdnews.com,510,228,2010,114,-,registered,available,available,available,1,3,2023-12-08
TradingEconomics.net,960,228,2011,124,-,registered,registered,registered,registered,13,8,2023-12-08
vcoazzurranews.tv,1.1 K,228,2010,79,-,available,available,available,available,1,2,2023-12-08
Downtown-Austin-Apartments.net,501,228,2010,99,-,available,registered,available,available,1,0,2023-12-08
paesionline.info,660,228,2005,277,-,registered,available,available,available,3,2,2023-12-08
Cash-Clicks.info,576,228,2008,125,-,registered,available,available,registered,3,3,2023-12-08
BahaRimSin.com,573,228,2008,165,-,registered,available,available,available,1,0,2023-12-08
2Yoyo.com,517,228,2003,76,-,registered,available,available,available,1,9,2023-12-08
FeeMad.com,554,227,2012,181,-,registered,available,available,available,1,4,2023-12-08
MomsCoolTube.com,540,227,2012,288,-,registered,available,available,available,1,0,2023-12-08
jmm1818.net,512,227,2009,196,-,registered,registered,available,available,2,2,2023-12-08
ElectronKits.com,1.1 K,227,2012,69,-,registered,available,available,available,1,0,2023-12-08
HighBizz.com,658,227,2002,244,-,registered,available,available,available,3,1,2023-12-08
PostAdSonnet.com,609,227,2008,181,-,registered,available,available,available,1,0,2023-12-08
LovePromiseAndRing.com,554,227,2008,142,-,registered,available,available,available,1,0,2023-12-08
PrinterSetupHelp.us,6.9 K,226,2021,25,-,registered,available,available,available,2,2,2023-12-08
Sexy18Porn.com,505,226,2011,207,-,registered,available,available,available,1,0,2023-12-08
efreeporntube.com,513,226,2011,139,-,registered,available,available,available,1,1,2023-12-08
weekendbaard.nl,562,226,2011,43,-,available,available,available,available,0,0,2023-12-08
EntreMarGens.org,526,226,2011,46,-,registered,available,registered,available,2,3,2023-12-08
Girls-Beauty-Tips.com,35.0 K,226,2010,145,-,registered,available,available,available,1,0,2023-12-08
invitatie-de-nunta.ro,940,226,2010,111,-,available,available,available,available,1,0,2023-12-08
KinoOnline.tv,634,226,2009,105,-,registered,registered,available,registered,15,10,2023-12-08
ForexManaged.co.uk,656,226,2010,164,-,registered,available,available,available,2,14,2023-12-08
Little-Model.biz,494,226,-,0,-,available,available,available,available,1,4,2023-12-08
HealthBuzzing.com,559,226,2011,110,-,registered,available,available,available,1,0,2023-12-08
khit.info,2.0 K,226,2004,106,-,registered,registered,registered,registered,38,677,2023-12-08
YourSupeRads.com,518,226,2009,65,-,registered,available,available,available,1,0,2023-12-08
ShiftCommaThree.com,611,226,2007,138,-,registered,available,available,available,1,0,2023-12-08
webgowu.com,516,226,2009,338,-,registered,available,available,available,1,0,2023-12-08
motosikletpazari.com,649,226,2006,1375,Yes,registered,available,available,available,1,0,2023-12-08
363wz.cn,567,225,2008,270,-,registered,available,available,available,2,2,2023-12-08
FanSingles.com,922,225,2009,127,-,registered,available,available,available,1,3,2023-12-08
Softwares1.com,511,225,2012,189,-,registered,available,available,available,2,3,2023-12-08
ddz.fr,635,225,2007,101,-,registered,registered,registered,registered,81,0,2023-12-08
Earnings-Area.com,592,225,2011,134,-,registered,available,available,available,1,0,2023-12-08
FreeWebTrafficDirectory.com,0,225,2011,63,-,registered,available,available,available,1,0,2023-12-08
GenevaModels.com,511,225,2010,185,-,registered,available,available,available,1,0,2023-12-08
TeenPorn2.com,519,225,2001,78,-,registered,registered,available,available,2,7,2023-12-08
slavyansk.biz,7.3 K,225,2005,1901,Yes,registered,registered,registered,available,10,28,2023-12-08
TheCollegeEducator.com,609,225,2010,423,-,registered,available,available,available,1,0,2023-12-08
KellyWanTads.com,507,225,2008,138,-,registered,available,available,available,1,0,2023-12-08
MobileSearchMarketing.com,550,225,2005,288,-,registered,available,available,available,2,1,2023-12-08
AppGorilla.nl,1.5 K,224,2012,47,-,registered,available,available,available,0,3,2023-12-08
MailDireTo.com,527,224,2010,26,-,registered,available,available,available,2,0,2023-12-08
dizigun.com,500,224,2011,174,-,registered,available,available,available,1,5,2023-12-08
MusicPain.com,496,224,2011,93,-,registered,available,available,available,1,10,2023-12-08
TrainingDances.com,528,224,2012,90,-,registered,available,available,available,1,0,2023-12-08
biliboom.com,527,224,2011,82,-,registered,available,available,available,1,2,2023-12-08
wpfanpro.com,517,224,2011,158,-,registered,available,available,available,1,0,2023-12-08
lugezi.com,555,224,2012,99,-,registered,available,available,available,1,6,2023-12-08
DesignTattoo.info,590,224,2011,50,-,registered,available,available,registered,3,15,2023-12-08
MarketingSurvivalSkills.net,526,224,2010,49,-,available,registered,available,available,1,1,2023-12-08
raovatbatdongsan.net,484,224,2008,130,-,registered,registered,available,available,3,2,2023-12-08
x-invest.biz,566,224,2010,142,-,registered,registered,available,registered,9,221,2023-12-08
CuttingEdgeOffers.com,555,224,2002,328,-,registered,available,available,available,1,0,2023-12-08
NotBoredAnymore.com,511,224,2009,115,-,registered,available,available,available,2,0,2023-12-08
TurboBlogSite.com,659,224,2009,76,-,registered,available,available,available,1,0,2023-12-08
Glamour-Galleries.com,514,224,2006,381,-,registered,available,available,available,1,0,2023-12-08
Biz-Adz.com,508,224,2009,182,-,registered,available,available,available,1,0,2023-12-08
BlastPack.us,512,223,2012,60,-,registered,available,available,available,2,4,2023-12-08
billigprojektor.dk,569,223,2012,75,-,available,available,available,available,1,0,2023-12-08
wailian360.com,508,223,2012,34,-,registered,available,available,available,1,0,2023-12-08
MarshMalo.com,527,223,2012,71,-,registered,available,available,available,1,5,2023-12-08
FirstDate.dk,579,223,2005,312,-,registered,registered,registered,registered,55,343,2023-12-08
ToKotaSonLine.net,533,223,2011,97,-,available,registered,registered,available,3,2,2023-12-08
recettes-de-cuisine-en-video.com,524,223,2011,147,Yes,registered,available,available,available,1,0,2023-12-08
SeoDirectoryWebsite.com,498,223,2011,111,-,registered,available,available,available,1,0,2023-12-08
SportAtIons.com,613,223,2001,137,-,registered,available,available,available,1,530,2023-12-08
animedokidoki.com,751,223,2010,193,-,registered,available,available,available,1,0,2023-12-08
drmarketing.info,542,223,2011,82,-,registered,registered,registered,registered,46,138,2023-12-08
CerroLimon.com,510,223,2007,105,-,registered,available,available,available,1,0,2023-12-08
kalegcom.com,505,223,2008,189,-,registered,available,available,available,1,0,2023-12-08
dirty3dbabes.com,522,223,2008,90,-,registered,available,available,available,2,0,2023-12-08
DirectoryOasis.com,584,223,2007,238,-,registered,available,available,available,1,1,2023-12-08
SureShotBulldogs.xyz,389,222,2020,23,-,registered,registered,available,available,3,4,2023-12-08
petrgraf.cz,1.5 K,222,2013,70,-,available,available,available,available,1,0,2023-12-08
MeSoup.com,506,222,2009,26,-,registered,available,available,available,2,53,2023-12-08
mmmzone.com,546,222,2004,143,-,registered,available,available,available,1,0,2023-12-08
online-sorozatok.org,513,222,2012,125,-,available,available,registered,available,6,0,2023-12-08
TheKolkataNews.net,504,222,2011,71,-,available,registered,available,available,1,0,2023-12-08
InfoTechNet.info,536,222,2012,65,-,registered,available,registered,available,5,11,2023-12-08
UnderclothesBabes.com,503,222,2012,57,-,registered,available,available,available,1,0,2023-12-08
dodirocks.com,513,222,2011,162,-,registered,available,available,available,1,0,2023-12-08
czcsit.com,585,222,2012,56,-,registered,available,available,available,1,0,2023-12-08
dmzjd.com,564,222,2011,98,-,registered,available,available,available,1,4,2023-12-08
MyOutlets.it,560,222,2010,184,-,registered,available,registered,registered,11,16,2023-12-08
free-classified-ads.us,503,222,2007,206,-,registered,registered,available,available,2,7,2023-12-08
ShopSpaz.com,515,222,2012,87,-,registered,available,available,available,2,2,2023-12-08
kyabayogo.com,494,222,2010,78,-,registered,available,available,available,1,0,2023-12-08
BingBoke.com,504,222,2009,92,-,registered,available,available,available,1,1,2023-12-08
InternetGeneric.com,10.0 K,222,2004,104,-,registered,available,available,available,1,0,2023-12-08
freepornvideoz.net,511,222,2010,62,-,registered,registered,available,available,4,4,2023-12-08
Span6.com,522,222,2009,92,-,registered,registered,available,available,2,2,2023-12-08
MakeMoney-AtHome.com,497,222,2001,128,-,registered,available,available,available,1,1,2023-12-08
PaintByNumberProducts.com,515,222,2009,381,-,registered,available,available,available,1,0,2023-12-08
cnc400.com,534,222,2007,74,-,registered,available,available,available,2,1,2023-12-08
ru-kids.com,535,222,2008,284,-,registered,available,available,available,2,21,2023-12-08
MommySexTube.com,539,222,2009,635,-,registered,available,available,available,2,0,2023-12-08
mbljj.com,498,221,2011,115,-,registered,available,available,available,4,2,2023-12-08
mlhyjd.com,507,221,2012,44,-,registered,available,available,available,1,0,2023-12-08
amare.lv,499,221,2012,57,-,registered,registered,registered,registered,124,4.4 K,2023-12-08
MyShouter.com,525,221,2011,77,-,registered,available,available,available,1,0,2023-12-08
MudPizza.com,514,221,2013,20,-,registered,available,available,available,1,0,2023-12-08
GetPrint.me,517,221,2012,36,-,registered,registered,registered,registered,79,146,2023-12-08
BizarreClub.net,495,221,2012,470,-,registered,registered,available,available,5,3,2023-12-08
ajithfans.info,555,221,2012,191,-,registered,registered,available,available,3,4,2023-12-08
hintcefilm.com,529,221,2012,346,-,registered,available,available,available,1,0,2023-12-08
ipremiumcase.com,519,221,2012,136,-,registered,available,available,available,1,1,2023-12-08
PardIsanGroup.com,499,221,2011,100,-,registered,available,available,available,2,0,2023-12-08
CoolToCall.com,514,221,2012,48,-,registered,available,available,available,1,0,2023-12-08
lubukrahsia.com,529,221,2010,171,-,registered,available,available,available,1,0,2023-12-08
SportsDraftDaily.com,637,221,2010,65,-,registered,available,available,available,1,0,2023-12-08
b2u.us,498,221,2004,138,-,registered,registered,registered,registered,77,0,2023-12-08
BuyMe.asia,514,221,2011,83,-,registered,registered,registered,registered,165,2.6 K,2023-12-08
NewsfeedPortal.com,513,221,2012,23,-,registered,available,available,available,1,0,2023-12-08
OldNirvana.com,510,221,2010,95,-,registered,available,available,available,1,3,2023-12-08
KeltySleepingBags.com,502,221,2009,87,-,registered,available,available,available,1,0,2023-12-08
avrildaily.net,514,221,2010,96,-,available,registered,available,available,1,1,2023-12-08
allesfinden.net,506,221,2003,296,-,registered,registered,registered,registered,5,4,2023-12-08
MaxOutput.net,513,221,2003,27,-,registered,registered,available,available,9,5,2023-12-08
FreshLabel.net,509,221,2008,101,-,registered,registered,available,registered,14,9,2023-12-08
belajarinteraktif.com,512,221,2010,61,-,registered,available,available,available,1,0,2023-12-08
CasinoMeile.com,589,221,2009,131,-,registered,available,available,registered,2,0,2023-12-08
DanvilleCoop.com,563,221,2002,198,-,registered,available,available,available,1,0,2023-12-08
PremiumRegistrations.com,523,221,2007,193,-,registered,available,available,available,1,0,2023-12-08
analisigrammaticale.top,5.3 K,220,2022,16,-,registered,registered,registered,available,6,7,2023-12-08
nutrilifeshop-info.com,518,220,2012,55,-,registered,available,available,available,1,0,2023-12-08
pinster.co,540,220,2012,9,-,registered,registered,registered,registered,15,170,2023-12-08
